Depth,accession,environment,fraction,group,sample_group,size
50.0,ERR594415,marine,VIRUS,SAO,TARA_068,40938660.0
30.0,ERR594414,marine,VIRUS,IO,TARA_065,28140396.0
5.0,ERR594411,marine,VIRUS,SAO,TARA_078,38151334.0
5.0,ERR594410,marine,VIRUS,RS,TARA_031,36430030.0
80.0,ERR594413,marine,VIRUS,IO,TARA_042,60004302.0
5.0,ERR594412,marine,VIRUS,SPO,TARA_109,45818926.0
5.0,ERR599009,marine,BACT,SAO,TARA_082,82951389.0
790.0,ERR599008,marine,BACT,SO,TARA_085,165789358.0
55.0,ERR594329,marine,GIRUS,MS,TARA_009,178517957.0
5.0,ERR594328,marine,GIRUS,RS,TARA_034,104201672.0
800.0,ERR599005,marine,BACT,SAO,TARA_072,99201488.0
5.0,ERR594326,marine,GIRUS,SPO,TARA_123,187470886.0
40.0,ERR599007,marine,BACT,SPO,TARA_102,132726859.0
65.0,ERR594324,marine,GIRUS,IO,TARA_064,62694109.0
5.0,ERR594323,marine,GIRUS,SPO,TARA_125,174100100.0
800.0,ERR599000,marine,BACT,SAO,TARA_076,194617234.0
150.0,ERR594321,marine,GIRUS,SAO,TARA_076,167500629.0
5.0,ERR594320,marine,GIRUS,IO,TARA_065,88258112.0
5.0,ERR599162,marine,BACT,NPO,TARA_140,185167291.0
5.0,ERR599163,marine,BACT,SPO,TARA_100,117555141.0
5.0,ERR599160,marine,BACT,SPO,TARA_123,171142153.0
120.0,ERR599161,marine,BACT,SPO,TARA_124,45834609.0
590.0,ERR599166,marine,BACT,NAO,TARA_145,177112313.0
340.0,ERR599167,marine,BACT,IO,TARA_038,91191543.0
1000.0,ERR599164,marine,BACT,IO,TARA_064,77554069.0
5.0,ERR599165,marine,BACT,SAO,TARA_070,88675089.0
40.0,ERR599168,marine,BACT,SPO,TARA_102,48143741.0
5.0,ERR599169,marine,BACT,SPO,TARA_100,44682390.0
5.0,ERR315861,marine,BACT,MS,TARA_023,37310366.0
55.0,ERR315860,marine,BACT,MS,TARA_023,36515588.0
5.0,ERR315863,marine,BACT,MS,TARA_030,81462943.0
5.0,ERR315862,marine,BACT,MS,TARA_030,157929848.0
5.0,ERR594392,marine,VIRUS,IO,TARA_064,48271080.0
5.0,ERR594393,marine,VIRUS,RS,TARA_032,50756575.0
60.0,ERR594390,marine,VIRUS,RS,TARA_034,40848755.0
5.0,ERR594391,marine,VIRUS,SAO,TARA_068,44816720.0
5.0,ERR594396,marine,VIRUS,MS,TARA_025,52114733.0
25.0,ERR594397,marine,VIRUS,IO,TARA_039,22849313.0
75.0,ERR594394,marine,VIRUS,IO,TARA_052,46496880.0
5.0,ERR594395,marine,VIRUS,SAO,TARA_067,21885013.0
5.0,ERR594398,marine,VIRUS,IO,TARA_042,26482646.0
25.0,ERR594399,marine,VIRUS,IO,TARA_038,23707953.0
600.0,ERR599096,marine,BACT,SPO,TARA_122,49291121.0
80.0,ERR599097,marine,BACT,RS,TARA_032,167058316.0
50.0,ERR599094,marine,BACT,MS,TARA_025,164146857.0
40.0,ERR599095,marine,BACT,NAO,TARA_004,207091837.0
60.0,ERR599092,marine,BACT,MS,TARA_018,169336043.0
5.0,ERR599093,marine,BACT,SPO,TARA_098,82380100.0
5.0,ERR599090,marine,BACT,SO,TARA_085,163038595.0
5.0,ERR599091,marine,BACT,SPO,TARA_125,40691545.0
5.0,ERR599098,marine,BACT,IO,TARA_052,29188354.0
40.0,ERR599099,marine,BACT,NPO,TARA_137,48399126.0
600.0,ERR594345,marine,GIRUS,IO,TARA_037,188517258.0
5.0,ERR598989,marine,BACT,NPO,TARA_137,185571189.0
120.0,ERR598988,marine,BACT,SPO,TARA_124,46703465.0
40.0,ERR598987,marine,BACT,NPO,TARA_137,47664457.0
80.0,ERR598986,marine,BACT,NAO,TARA_151,184769144.0
640.0,ERR598985,marine,BACT,NAO,TARA_142,164118504.0
5.0,ERR598984,marine,BACT,SAO,TARA_072,175664334.0
5.0,ERR598983,marine,BACT,NAO,TARA_145,176015464.0
30.0,ERR598982,marine,BACT,SAO,TARA_066,37527741.0
177.0,ERR598981,marine,BACT,SPO,TARA_100,22326138.0
550.0,ERR598980,marine,BACT,NPO,TARA_132,203947262.0
480.0,ERR599128,marine,BACT,SPO,TARA_102,47344092.0
5.0,ERR599129,marine,BACT,SAO,TARA_068,36058089.0
5.0,ERR599126,marine,BACT,SAO,TARA_076,200803577.0
375.0,ERR599127,marine,BACT,NPO,TARA_137,50405180.0
800.0,ERR599124,marine,BACT,SAO,TARA_078,30298285.0
790.0,ERR599125,marine,BACT,SO,TARA_085,38042263.0
40.0,ERR599122,marine,BACT,SAO,TARA_082,186132002.0
5.0,ERR599123,marine,BACT,NAO,TARA_148,173119198.0
5.0,ERR599120,marine,BACT,SPO,TARA_098,44191270.0
90.0,ERR599121,marine,BACT,SO,TARA_085,186420792.0
5.0,ERR594297,marine,GIRUS,SAO,TARA_068,178203533.0
5.0,ERR594296,marine,GIRUS,SPO,TARA_124,172793806.0
5.0,ERR594295,marine,GIRUS,IO,TARA_041,28232803.0
50.0,ERR594294,marine,GIRUS,SAO,TARA_068,171155104.0
150.0,ERR594293,marine,GIRUS,SPO,TARA_123,95420603.0
5.0,ERR594292,marine,GIRUS,SPO,TARA_122,82811132.0
30.0,ERR594291,marine,GIRUS,IO,TARA_065,93685458.0
600.0,ERR594290,marine,GIRUS,IO,TARA_037,77851600.0
800.0,ERR594299,marine,GIRUS,SAO,TARA_070,80001776.0
150.0,ERR594298,marine,GIRUS,SAO,TARA_076,164650714.0
5.0,ERR599052,marine,BACT,NPO,TARA_133,269556882.0
60.0,ERR599053,marine,BACT,IO,TARA_041,193639324.0
5.0,ERR599050,marine,BACT,SPO,TARA_094,230009431.0
450.0,ERR599051,marine,BACT,NPO,TARA_138,43410937.0
50.0,ERR599056,marine,BACT,SAO,TARA_068,32450140.0
5.0,ERR599057,marine,BACT,IO,TARA_056,162387844.0
5.0,ERR599054,marine,BACT,IO,TARA_045,162120962.0
480.0,ERR599055,marine,BACT,SPO,TARA_102,23444203.0
5.0,ERR599058,marine,BACT,IO,TARA_057,168192870.0
5.0,ERR599059,marine,BACT,SO,TARA_084,187525521.0
5.0,ERR594327,marine,GIRUS,IO,TARA_039,24982304.0
5.0,ERR594369,marine,VIRUS,IO,TARA_036,37151587.0
5.0,ERR594368,marine,VIRUS,RS,TARA_034,29023535.0
450.0,ERR599004,marine,BACT,NPO,TARA_138,42908792.0
25.0,ERR594363,marine,VIRUS,IO,TARA_039,22566800.0
5.0,ERR594362,marine,VIRUS,SAO,TARA_066,43948626.0
5.0,ERR594361,marine,VIRUS,IO,TARA_065,29633220.0
80.0,ERR594360,marine,VIRUS,RS,TARA_032,64643745.0
60.0,ERR594367,marine,VIRUS,IO,TARA_041,30745099.0
5.0,ERR594325,marine,GIRUS,SAO,TARA_067,174320759.0
5.0,ERR594365,marine,VIRUS,IO,TARA_039,28789851.0
5.0,ERR594364,marine,VIRUS,SAO,TARA_072,39987130.0
5.0,ERR599006,marine,BACT,SAO,TARA_078,206080531.0
5.0,ERR599001,marine,BACT,NAO,TARA_152,194231437.0
600.0,ERR594322,marine,GIRUS,SPO,TARA_122,155930208.0
5.0,ERR599003,marine,BACT,NAO,TARA_004,28822442.0
115.0,ERR599377,marine,VIRUS,SPO,TARA_122,47290818.0
5.0,ERR599376,marine,VIRUS,IO,TARA_056,56401139.0
177.0,ERR599375,marine,VIRUS,SPO,TARA_100,41960132.0
75.0,ERR599002,marine,BACT,IO,TARA_052,159178051.0
1000.0,ERR599371,marine,VIRUS,IO,TARA_056,51960724.0
850.0,ERR599034,marine,BACT,IO,TARA_065,29284233.0
5.0,ERR599035,marine,BACT,SAO,TARA_082,51495893.0
5.0,ERR599036,marine,BACT,SPO,TARA_124,45847605.0
150.0,ERR594355,marine,VIRUS,SAO,TARA_076,58870148.0
5.0,ERR599030,marine,BACT,NPO,TARA_138,171139183.0
5.0,ERR594353,marine,VIRUS,SAO,TARA_070,47220407.0
5.0,ERR598978,marine,BACT,SPO,TARA_102,132611913.0
5.0,ERR598979,marine,BACT,IO,TARA_065,47194699.0
5.0,ERR598976,marine,BACT,NAO,TARA_151,198143365.0
60.0,ERR598977,marine,BACT,IO,TARA_041,38060321.0
17.0,ERR598974,marine,BACT,IO,TARA_036,32688174.0
60.0,ERR598975,marine,BACT,RS,TARA_034,37677371.0
65.0,ERR598972,marine,BACT,IO,TARA_064,40411436.0
5.0,ERR598973,marine,BACT,SAO,TARA_066,36385625.0
5.0,ERR598970,marine,BACT,IO,TARA_064,42483957.0
380.0,ERR598971,marine,BACT,SPO,TARA_109,162234931.0
5.0,ERR634968,marine,VIRUS,SPO,TARA_123,38356376.0
700.0,ERR599131,marine,BACT,SAO,TARA_068,29092053.0
80.0,ERR599130,marine,BACT,IO,TARA_042,182963807.0
5.0,ERR594358,marine,VIRUS,MS,TARA_018,47508906.0
480.0,ERR599132,marine,BACT,SPO,TARA_102,128719360.0
60.0,ERR594366,marine,VIRUS,IO,TARA_041,14670146.0
5.0,ERR594406,marine,VIRUS,MS,TARA_022,28580118.0
800.0,ERR594407,marine,VIRUS,SAO,TARA_070,41257033.0
5.0,ERR594404,marine,VIRUS,SAO,TARA_067,22087021.0
70.0,ERR594405,marine,VIRUS,MS,TARA_030,39094357.0
17.0,ERR594402,marine,VIRUS,IO,TARA_036,38625900.0
5.0,ERR594403,marine,VIRUS,IO,TARA_042,23073592.0
5.0,ERR594400,marine,VIRUS,IO,TARA_038,28328329.0
5.0,ERR594401,marine,VIRUS,RS,TARA_031,30533216.0
55.0,ERR594408,marine,VIRUS,MS,TARA_023,41387025.0
40.0,ERR594409,marine,VIRUS,SAO,TARA_082,41877228.0
5.0,ERR594330,marine,GIRUS,IO,TARA_038,35266822.0
800.0,ERR594331,marine,GIRUS,SAO,TARA_070,199717657.0
5.0,ERR594332,marine,GIRUS,SAO,TARA_078,143741285.0
800.0,ERR594333,marine,GIRUS,SAO,TARA_076,195634647.0
5.0,ERR594334,marine,GIRUS,IO,TARA_036,23962301.0
5.0,ERR594335,marine,GIRUS,SAO,TARA_070,178378254.0
120.0,ERR594336,marine,GIRUS,SAO,TARA_078,202866295.0
150.0,ERR594337,marine,GIRUS,SPO,TARA_123,168950666.0
75.0,ERR599016,marine,BACT,IO,TARA_052,35295532.0
5.0,ERR594339,marine,GIRUS,SPO,TARA_125,190451809.0
50.0,ERR599014,marine,BACT,SPO,TARA_110,211750391.0
375.0,ERR599015,marine,BACT,NPO,TARA_137,50273149.0
5.0,ERR599012,marine,BACT,IO,TARA_062,145714747.0
80.0,ERR599013,marine,BACT,IO,TARA_042,32056090.0
5.0,ERR599010,marine,BACT,SAO,TARA_076,30059067.0
5.0,ERR599011,marine,BACT,IO,TARA_041,33118603.0
150.0,ERR599157,marine,BACT,SPO,TARA_123,45492924.0
140.0,ERR599156,marine,BACT,SPO,TARA_125,185401512.0
5.0,ERR599155,marine,BACT,RS,TARA_032,22345279.0
800.0,ERR599154,marine,BACT,SAO,TARA_076,29607890.0
50.0,ERR599153,marine,BACT,MS,TARA_025,29167051.0
375.0,ERR599152,marine,BACT,NPO,TARA_137,50396310.0
5.0,ERR599151,marine,BACT,SPO,TARA_124,45616413.0
5.0,ERR599150,marine,BACT,IO,TARA_064,230323899.0
800.0,ERR599159,marine,BACT,SAO,TARA_078,211860640.0
5.0,ERR599158,marine,BACT,IO,TARA_038,39699921.0
5.0,ERR599339,marine,VIRUS,IO,TARA_062,60595610.0
5.0,ERR599337,marine,VIRUS,SPO,TARA_125,55799433.0
5.0,ERR599384,marine,VIRUS,SAO,TARA_082,46121402.0
5.0,ERR599380,marine,VIRUS,SPO,TARA_122,60018768.0
70.0,ERR318620,marine,BACT,MS,TARA_030,79459583.0
70.0,ERR318621,marine,BACT,MS,TARA_030,7841374.0
70.0,ERR318619,marine,BACT,MS,TARA_030,7753939.0
70.0,ERR318618,marine,BACT,MS,TARA_030,78363621.0
30.0,ERR598990,marine,BACT,IO,TARA_065,56663585.0
5.0,ERR598991,marine,BACT,RS,TARA_034,81065985.0
5.0,ERR598992,marine,BACT,SPO,TARA_122,139190159.0
5.0,ERR598993,marine,BACT,MS,TARA_018,179380493.0
5.0,ERR598994,marine,BACT,SAO,TARA_067,39041527.0
115.0,ERR598995,marine,BACT,NPO,TARA_132,261310241.0
40.0,ERR598996,marine,BACT,NAO,TARA_150,182027367.0
5.0,ERR598997,marine,BACT,SPO,TARA_109,26789701.0
150.0,ERR598998,marine,BACT,SPO,TARA_123,45900975.0
600.0,ERR598999,marine,BACT,SPO,TARA_122,49556018.0
50.0,ERR599113,marine,BACT,SPO,TARA_100,25877702.0
1000.0,ERR599112,marine,BACT,IO,TARA_056,217469381.0
60.0,ERR599111,marine,BACT,RS,TARA_034,187030708.0
30.0,ERR599110,marine,BACT,IO,TARA_065,135439143.0
150.0,ERR599117,marine,BACT,SPO,TARA_123,45647490.0
5.0,ERR599116,marine,BACT,RS,TARA_032,127806508.0
650.0,ERR599115,marine,BACT,NPO,TARA_133,218908096.0
5.0,ERR599114,marine,BACT,SPO,TARA_125,40936449.0
5.0,ERR599119,marine,BACT,SPO,TARA_125,41818200.0
5.0,ERR599118,marine,BACT,SPO,TARA_109,159269781.0
5.0,ERR594288,marine,GIRUS,MS,TARA_009,147450847.0
800.0,ERR594289,marine,GIRUS,SAO,TARA_078,151988610.0
115.0,ERR594284,marine,GIRUS,SPO,TARA_122,79955011.0
120.0,ERR594285,marine,GIRUS,SPO,TARA_124,90034169.0
5.0,ERR594286,marine,GIRUS,SAO,TARA_076,158033031.0
5.0,ERR594287,marine,GIRUS,SPO,TARA_124,79690789.0
600.0,ERR594309,marine,GIRUS,SPO,TARA_122,75988955.0
800.0,ERR594308,marine,GIRUS,SAO,TARA_070,81572153.0
115.0,ERR594301,marine,GIRUS,SPO,TARA_122,173630560.0
140.0,ERR594300,marine,GIRUS,SPO,TARA_125,196640054.0
120.0,ERR594303,marine,GIRUS,SAO,TARA_078,155784059.0
700.0,ERR594302,marine,GIRUS,SAO,TARA_068,181268998.0
600.0,ERR594305,marine,GIRUS,SPO,TARA_122,136551265.0
115.0,ERR594304,marine,GIRUS,SPO,TARA_122,162027499.0
5.0,ERR594307,marine,GIRUS,SPO,TARA_122,133022760.0
5.0,ERR594306,marine,GIRUS,SPO,TARA_122,152965369.0
380.0,ERR599067,marine,BACT,SPO,TARA_109,31552247.0
5.0,ERR599066,marine,BACT,SPO,TARA_125,40806380.0
30.0,ERR599065,marine,BACT,SPO,TARA_109,107170154.0
5.0,ERR599064,marine,BACT,SPO,TARA_093,137491742.0
5.0,ERR599063,marine,BACT,SPO,TARA_100,24329597.0
600.0,ERR599062,marine,BACT,IO,TARA_037,170126485.0
80.0,ERR599061,marine,BACT,RS,TARA_032,29953054.0
450.0,ERR599060,marine,BACT,NPO,TARA_138,43396387.0
5.0,ERR599069,marine,BACT,SPO,TARA_124,47088422.0
5.0,ERR599068,marine,BACT,SAO,TARA_066,36796981.0
5.0,ERR594378,marine,VIRUS,MS,TARA_022,28993123.0
100.0,ERR594379,marine,VIRUS,SAO,TARA_072,48812251.0
5.0,ERR594374,marine,VIRUS,IO,TARA_038,28696101.0
50.0,ERR594375,marine,VIRUS,MS,TARA_025,52556395.0
5.0,ERR594376,marine,VIRUS,IO,TARA_046,38717821.0
90.0,ERR594377,marine,VIRUS,SO,TARA_085,44370368.0
5.0,ERR594370,marine,VIRUS,RS,TARA_034,32371543.0
60.0,ERR594371,marine,VIRUS,IO,TARA_041,16959376.0
60.0,ERR594372,marine,VIRUS,IO,TARA_041,19790445.0
60.0,ERR594373,marine,VIRUS,IO,TARA_041,17859407.0
150.0,ERR594319,marine,GIRUS,SPO,TARA_123,164864186.0
5.0,ERR599364,marine,VIRUS,SO,TARA_085,57911338.0
120.0,ERR599367,marine,VIRUS,SPO,TARA_124,38333263.0
350.0,ERR599368,marine,VIRUS,SPO,TARA_111,45225586.0
90.0,ERR599369,marine,VIRUS,SPO,TARA_111,51422656.0
40.0,ERR599070,marine,BACT,NPO,TARA_137,48178486.0
5.0,ERR594313,marine,GIRUS,SAO,TARA_067,174220439.0
696.0,ERR599072,marine,BACT,SPO,TARA_112,151587433.0
60.0,ERR599073,marine,BACT,MS,TARA_018,34674548.0
5.0,ERR599074,marine,BACT,IO,TARA_041,187133430.0
5.0,ERR599075,marine,BACT,IO,TARA_042,164425550.0
5.0,ERR594314,marine,GIRUS,IO,TARA_048,90667820.0
5.0,ERR599077,marine,BACT,SPO,TARA_111,190182767.0
5.0,ERR598943,marine,BACT,SPO,TARA_102,36334542.0
45.0,ERR598942,marine,BACT,NPO,TARA_133,179642130.0
700.0,ERR598947,marine,BACT,SAO,TARA_068,157763425.0
177.0,ERR598946,marine,BACT,SPO,TARA_100,114451490.0
5.0,ERR598945,marine,BACT,SO,TARA_084,33639827.0
800.0,ERR598944,marine,BACT,NAO,TARA_152,172787280.0
25.0,ERR598949,marine,BACT,IO,TARA_038,31343525.0
115.0,ERR598948,marine,BACT,SPO,TARA_122,153076525.0
150.0,ERR599148,marine,BACT,SAO,TARA_076,183564258.0
800.0,ERR599149,marine,BACT,SAO,TARA_070,28064082.0
5.0,ERR594347,marine,GIRUS,SPO,TARA_123,187306308.0
270.0,ERR594346,marine,GIRUS,IO,TARA_039,91921332.0
140.0,ERR594341,marine,GIRUS,SPO,TARA_125,103829881.0
5.0,ERR594340,marine,GIRUS,SAO,TARA_078,161070777.0
65.0,ERR599025,marine,BACT,IO,TARA_064,39513746.0
140.0,ERR594342,marine,GIRUS,SPO,TARA_125,177692252.0
5.0,ERR599141,marine,BACT,IO,TARA_042,36435982.0
5.0,ERR599029,marine,BACT,NAO,TARA_141,171199015.0
65.0,ERR599023,marine,BACT,IO,TARA_064,125264316.0
5.0,ERR594344,marine,GIRUS,SPO,TARA_125,87247031.0
1000.0,ERR599021,marine,BACT,IO,TARA_064,44912091.0
380.0,ERR599020,marine,BACT,SPO,TARA_110,192502900.0
40.0,ERR599027,marine,BACT,SAO,TARA_082,35978284.0
66.0,ERR599026,marine,BACT,IO,TARA_058,168855931.0
120.0,ERR594343,marine,GIRUS,SPO,TARA_124,153406468.0
5.0,ERR599024,marine,BACT,SPO,TARA_099,169274791.0
5.0,ERR599140,marine,BACT,MS,TARA_018,28107661.0
5.0,ERR594349,marine,GIRUS,SAO,TARA_070,192910842.0
5.0,ERR599142,marine,BACT,NPO,TARA_132,166713789.0
5.0,ERR599143,marine,BACT,IO,TARA_036,82513154.0
5.0,ERR599144,marine,BACT,SAO,TARA_067,39615848.0
50.0,ERR594348,marine,GIRUS,SAO,TARA_068,142720902.0
5.0,ERR599146,marine,BACT,IO,TARA_065,97905348.0
25.0,ERR599145,marine,BACT,IO,TARA_039,169022446.0
40.0,ERR599147,marine,BACT,NPO,TARA_137,48293452.0
5.0,ERR599139,marine,BACT,IO,TARA_052,173095638.0
50.0,ERR599359,marine,VIRUS,SPO,TARA_100,49979493.0
5.0,ERR599138,marine,BACT,IO,TARA_048,216979077.0
1000.0,ERR599351,marine,VIRUS,IO,TARA_064,51253067.0
5.0,ERR599354,marine,VIRUS,SPO,TARA_124,66920719.0
5.0,ERR599357,marine,VIRUS,SPO,TARA_111,47616197.0
90.0,ERR599104,marine,BACT,SO,TARA_085,32068490.0
5.0,ERR599105,marine,BACT,SAO,TARA_072,34374500.0
5.0,ERR599106,marine,BACT,RS,TARA_031,166388827.0
30.0,ERR599107,marine,BACT,SAO,TARA_066,37400168.0
125.0,ERR599100,marine,BACT,NAO,TARA_142,155790912.0
120.0,ERR599101,marine,BACT,SAO,TARA_078,199637522.0
5.0,ERR599102,marine,BACT,IO,TARA_038,91220211.0
50.0,ERR599103,marine,BACT,SAO,TARA_068,32597205.0
30.0,ERR599108,marine,BACT,SPO,TARA_109,41956417.0
340.0,ERR599109,marine,BACT,IO,TARA_038,38804069.0
5.0,ERR599078,marine,BACT,NAO,TARA_152,164620027.0
188.0,ERR599079,marine,BACT,SPO,TARA_098,87774440.0
5.0,ERR594318,marine,GIRUS,SAO,TARA_068,169647248.0
340.0,ERR594312,marine,GIRUS,IO,TARA_038,78766778.0
488.0,ERR599071,marine,BACT,SPO,TARA_098,189128623.0
5.0,ERR594310,marine,GIRUS,SAO,TARA_076,194974025.0
5.0,ERR594311,marine,GIRUS,SPO,TARA_124,149696490.0
5.0,ERR594316,marine,GIRUS,MS,TARA_009,24490102.0
5.0,ERR594317,marine,GIRUS,MS,TARA_009,72867764.0
375.0,ERR599076,marine,BACT,NPO,TARA_137,50282559.0
55.0,ERR594315,marine,GIRUS,MS,TARA_009,29758680.0
5.0,ERR599171,marine,BACT,SAO,TARA_068,36508689.0
5.0,ERR599170,marine,BACT,NAO,TARA_150,193884779.0
5.0,ERR599173,marine,BACT,SAO,TARA_066,87183074.0
270.0,ERR599172,marine,BACT,IO,TARA_039,40864691.0
450.0,ERR599175,marine,BACT,NPO,TARA_138,43396741.0
5.0,ERR599174,marine,BACT,SAO,TARA_068,74463747.0
5.0,ERR599176,marine,BACT,SO,TARA_085,37811950.0
30.0,ERR594381,marine,VIRUS,SPO,TARA_109,15686720.0
30.0,ERR594380,marine,VIRUS,SPO,TARA_109,2527066.0
30.0,ERR594383,marine,VIRUS,SPO,TARA_109,15906590.0
30.0,ERR594382,marine,VIRUS,IO,TARA_065,28563061.0
65.0,ERR594385,marine,VIRUS,IO,TARA_064,42826969.0
5.0,ERR594384,marine,VIRUS,IO,TARA_041,42658889.0
30.0,ERR594387,marine,VIRUS,SPO,TARA_109,19692508.0
25.0,ERR594386,marine,VIRUS,IO,TARA_038,23413486.0
30.0,ERR594389,marine,VIRUS,SAO,TARA_066,46900600.0
800.0,ERR594388,marine,VIRUS,SAO,TARA_072,96763005.0
488.0,ERR599085,marine,BACT,SPO,TARA_098,36095353.0
120.0,ERR599084,marine,BACT,SPO,TARA_124,46823083.0
60.0,ERR599087,marine,BACT,NPO,TARA_138,195911486.0
350.0,ERR599086,marine,BACT,SPO,TARA_111,208588117.0
50.0,ERR599081,marine,BACT,SPO,TARA_100,144664216.0
5.0,ERR599080,marine,BACT,SPO,TARA_124,45657442.0
600.0,ERR599083,marine,BACT,SPO,TARA_122,50848286.0
25.0,ERR599082,marine,BACT,IO,TARA_038,178499808.0
120.0,ERR599089,marine,BACT,SPO,TARA_124,46636365.0
5.0,ERR599088,marine,BACT,IO,TARA_064,41923308.0
5.0,ERR598954,marine,BACT,SPO,TARA_112,199504187.0
5.0,ERR598955,marine,BACT,NAO,TARA_004,173346004.0
150.0,ERR598956,marine,BACT,SPO,TARA_123,47014161.0
155.0,ERR598957,marine,BACT,SPO,TARA_112,206479674.0
40.0,ERR598950,marine,BACT,NAO,TARA_004,31054711.0
5.0,ERR598951,marine,BACT,MS,TARA_025,30171447.0
30.0,ERR598952,marine,BACT,SPO,TARA_109,20877758.0
177.0,ERR598953,marine,BACT,SPO,TARA_100,45531074.0
250.0,ERR598958,marine,BACT,NAO,TARA_148b,169860924.0
5.0,ERR598959,marine,BACT,RS,TARA_034,39588227.0
5.0,ERR599022,marine,BACT,SAO,TARA_078,31241187.0
5.0,ERR594356,marine,VIRUS,IO,TARA_039,28457012.0
30.0,ERR594357,marine,VIRUS,SPO,TARA_109,28340833.0
5.0,ERR594354,marine,VIRUS,SAO,TARA_076,50148148.0
270.0,ERR599037,marine,BACT,IO,TARA_039,97469834.0
60.0,ERR594352,marine,VIRUS,MS,TARA_018,41756356.0
600.0,ERR599031,marine,BACT,IO,TARA_037,29275624.0
40.0,ERR599032,marine,BACT,SPO,TARA_128,148907935.0
600.0,ERR599033,marine,BACT,SPO,TARA_122,49663194.0
5.0,ERR599135,marine,BACT,SAO,TARA_070,42702235.0
5.0,ERR599134,marine,BACT,RS,TARA_033,42401297.0
100.0,ERR599137,marine,BACT,SAO,TARA_072,47239839.0
5.0,ERR599136,marine,BACT,NAO,TARA_142,157141812.0
5.0,ERR599038,marine,BACT,SPO,TARA_128,153192261.0
5.0,ERR599039,marine,BACT,SPO,TARA_110,160898544.0
100.0,ERR599133,marine,BACT,SAO,TARA_072,116570800.0
5.0,ERR594359,marine,VIRUS,IO,TARA_065,30025432.0
5.0,ERR315858,marine,BACT,MS,TARA_023,37472639.0
55.0,ERR315859,marine,BACT,MS,TARA_023,37184688.0
42.0,ERR315856,marine,GIRUS,MS,TARA_007,89259915.0
5.0,ERR315857,marine,GIRUS,MS,TARA_007,110583306.0
30.0,ERR599018,marine,BACT,IO,TARA_065,24680500.0
5.0,ERR599019,marine,BACT,IO,TARA_048,32667132.0
120.0,ERR594338,marine,GIRUS,SPO,TARA_124,168021939.0
50.0,ERR599017,marine,BACT,SAO,TARA_068,66324517.0
5.0,ERR599041,marine,BACT,RS,TARA_032,48683248.0
150.0,ERR599040,marine,BACT,SAO,TARA_076,33111936.0
5.0,ERR599043,marine,BACT,MS,TARA_025,198608764.0
188.0,ERR599042,marine,BACT,SPO,TARA_098,39848294.0
5.0,ERR599045,marine,BACT,IO,TARA_045,33398279.0
800.0,ERR599044,marine,BACT,SAO,TARA_070,166775737.0
640.0,ERR599047,marine,BACT,NAO,TARA_146,153923288.0
120.0,ERR599046,marine,BACT,SAO,TARA_078,29515610.0
5.0,ERR599049,marine,BACT,RS,TARA_033,85133875.0
800.0,ERR599048,marine,BACT,SAO,TARA_072,44775584.0
5.0,ERR599342,marine,VIRUS,SPO,TARA_100,46890763.0
40.0,ERR599340,marine,VIRUS,NPO,TARA_137,36098044.0
600.0,ERR599341,marine,VIRUS,SPO,TARA_122,63243784.0
480.0,ERR599346,marine,VIRUS,SPO,TARA_102,51083280.0
60.0,ERR599345,marine,VIRUS,NPO,TARA_138,38355801.0
5.0,ERR598969,marine,BACT,RS,TARA_031,34486935.0
5.0,ERR598968,marine,BACT,NAO,TARA_146,169471567.0
35.0,ERR598965,marine,BACT,SPO,TARA_093,169305863.0
740.0,ERR598964,marine,BACT,NAO,TARA_149,194032897.0
5.0,ERR598967,marine,BACT,SPO,TARA_096,188910040.0
5.0,ERR598966,marine,BACT,IO,TARA_036,43069804.0
90.0,ERR598961,marine,BACT,SPO,TARA_111,187063957.0
850.0,ERR598960,marine,BACT,IO,TARA_065,194078658.0
5.0,ERR598963,marine,BACT,NAO,TARA_149,178945938.0
40.0,ERR598962,marine,BACT,SPO,TARA_102,23717452.0
17.0,ERR599028,marine,BACT,IO,TARA_036,168362651.0
5.0,SRR1514963,freshwater,BACT,AMZ,AMZN_1S_Solimoes_River,168485391.0
5.0,SRR1515032,freshwater,BACT,AMZ,AMZN_4P_Mouth_of_the_Purus_River,125212180.0
5.0,SRR1518285,freshwater,BACT,AMZ,AMZN_9U_Mouth_of_the_Urucu_River,156445201.0
5.0,SRR1522964,freshwater,BACT,AMZ,AMZN_2L_Preto_Lake,167385337.0
5.0,SRR1522971,freshwater,BACT,AMZ,AMZN_3L_Manacapuru__Great_Lake,174776751.0
5.0,SRR1522973,freshwater,BACT,AMZ,AMZN_5L_Anana_Lake,188230329.0
5.0,SRR1522974,freshwater,BACT,AMZ,AMZN_8LP_Poraque_Lake,82419763.0
5.0,ERR1739731,Saline_lake,BACT,ISL,ISL_LM1,18448354.0
5.0,ERR1739732,Saline_lake,BACT,ISL,ISL_LM2,17671544.0
5.0,ERR1739733,Saline_lake,BACT,ISL,ISL_LM3,18502375.0
5.0,ERR1742997,Saline_lake,BACT,ISL,ISL_LM1_a,18448354.0
5.0,ERR1742998,Saline_lake,BACT,ISL,ISL_LM1_b,18448354.0
5.0,ERR1742999,Saline_lake,BACT,ISL,ISL_LM2_a,17671544.0
5.0,ERR1743000,Saline_lake,BACT,ISL,ISL_LM2_b,17671544.0
5.0,ERR1743001,Saline_lake,BACT,ISL,ISL_LM3_a,18502375.0
5.0,ERR1743002,Saline_lake,BACT,ISL,ISL_LM3_b,18502375.0
5.0,ERR1035442,River,BACT,QRE,QRS_NN6,87587761.0
5.0,ERR688341,River,BACT,QRE,QRS_AA1,52173638.0
5.0,ERR688342,River,BACT,QRE,QRS_LL1,120469804.0
5.0,ERR688343,River,BACT,QRE,QRS_LL2,78210043.0
5.0,ERR688344,River,BACT,QRE,QRS_LL3,117447713.0
5.0,ERR688345,River,BACT,QRE,QRS_LL4,58870291.0
5.0,ERR688346,River,BACT,QRE,QRS_LL5,122051594.0
5.0,ERR688347,River,BACT,QRE,QRS_MM2,154372918.0
5.0,ERR688348,River,BACT,QRE,QRS_MM3,109304594.0
5.0,ERR688349,River,BACT,QRE,QRS_MM4,101328760.0
5.0,ERR688350,River,BACT,QRE,QRS_MM5,94190499.0
5.0,ERR688351,River,BACT,QRE,QRS_MM6,142696745.0
5.0,ERR688352,River,BACT,QRE,QRS_NN2,145608223.0
5.0,ERR688353,River,BACT,QRE,QRS_NN3,122081133.0
5.0,ERR688354,River,BACT,QRE,QRS_NN4,147193195.0
5.0,ERR688355,River,BACT,QRE,QRS_NN5,144435593.0
5.0,ERR688356,River,BACT,QRE,QRS_NN6,156593554.0
,ERR1474558,xiangxi-river,,XXR,XXR_XXR_E,30722085.0
,ERR1474559,xiangxi-river,,XXR,XXR_XXR_M,30722085.0
,ERR1474560,xiangxi-river,,XXR,XXR_WJB,30722085.0
,ERR1474561,xiangxi-river,,XXR,XXR_XXR_U,30722085.0
,ERR1474562,xiangxi-river,,XXR,XXR_BSR_E,30722085.0
,ERR1474563,xiangxi-river,,XXR,XXR_SDR_E,30722085.0
