protein,rhodopsin_type,cluster,avg_cluster_length,protein_sequence,protein_length
TM7_genomosp_GTL1,helio,helio_5,0.761375,KITTTKLRKFNVAMAVLHAVQGFLILWLSRSFDLPIMGSYLEFNRQTQQLEPVTTTLFNLSLPMLVAVFFFISALAHAIIATIYYRWYEQGLKQGINKARWIEYILSASTMMIAISLLVGIYDLSSLAMVFALTAIMNLMGLVMEVHNQTTKKTNWLSYIIGCFAGIVPWLVVAFYMWLGAENGSSAPMFVYWIFVSIFVFFNCFAINMFLQYKKIGPWRDYLYGERAYIILSLVAKSLLAWQVFAGTLRP,251
Halovivax_asiaticus,helio,helio_5,0.761375,APEYRRLRRWNAVMAVLHFVQGALMVVFAESIQWPITRTRYEFDVATEALAPTTVQWVEVPLPLLVAGFLFISAIAHTIVATVRYGAYVRYLERGMNPYRWYEYALSASLMIVVIAMLAGIWDLGTLVALFGLVAVMNLCGLVMERHNELTDRTDWTAYNVGVVAGAIPWVVIAIVLVGSVVAGDVEVPDFVIYIYVSIFVFFNLFAINMILQYRETWRWRQYLFGERVYILLSLVAKSALAWQVYFGTLTS,252
Mesotoga_infera,helio,helio_5,0.761375,ESVYKKLRIYNLIMGLLHLVQGIIMLIVSNDSSLTITRNYLEFNQEIMRLVPATENFMDLKMGPFIASFLFMSAIAHFIVSTFGFGWYARNLQRGINYARWYEYSISSSVMIVAIAMFSGMLDIVSLMLLFTVNALMNLFGLMMELHNQTTERTNWAAFIFGCIAGAVTWIAVFIYLFTSLGKANIEFPSFVYAILITFLVFFNSFAINMFLQYKKIGPWKNYLFGESMYVLLSLVAKSVLAWQVFAGTLRP,252
Halobacterium_DL1,helio,helio_5,0.761375,SARDSRLRLWNSVMAVLHFLQGAAMVLLADTVLWPITRTRYGFDPGSQSIFPETVAFVDANLPLLVAGFLFISALAHTAIATVWYDKYVRYLDRGMNPYRWYEYSVSASLMIVVIGMLSGVWDLGTLVALFGLVAVMNLSGLLMEQRNELTEQTDWTPYWVGVIAGIVPWITIGVAFVGSVTASAGEFPEFVIYIYVSIFVFFNLFALNMALQYLEVSRWKNYLFGEKMYIVLSLVAKSALAWQVYFGTLNS,252
Halorhabdus_tiamatea,helio,helio_5,0.761375,PSDWNLRRFNAAMAVLHFLQGALMVYLSSSREWTITAVYQEFDTTTETLSPVMESIGTIELAYLAAGFLFISAIAHALIATVLYDRYVAYLEQGMNPYRWYEYAVSASLMIVLIAMLAGVWNLGTLIALFGLVAVMNLCGLVMERHNALTEETDWSSFIVGSLAGVVPWITIAVTIVGTYSFGEGSPPDFVIAIYVSLFVLFNLFAINMLLQYRGVWKWKDYRFGEVGYIVLSLVAKSLLAWQVYFGALNS,251
Haloterrigena_mahii,helio,helio_5,0.761375,PSDWNLRRFNAIMGILHFLQGAVMLYLSSSREWTITATRLDFDTESQQLVPVMESIGAIELAYLAVAFLFVSAIAHVLIATVLYDRYVAYLGQGMNPYRWYEYAVSASVMIVLIAMLAGVWDLGTLIALFGLVAVMNLCGLVMERHNRLTEKIDWSSFIVGSIAGVVPWIVIAVSIIGTFNAGGSPPDFVIIIYVSLFVLFNLFAINMLLQYLGVWKWQDYLYGERAYIVLSLVAKSLLAWQVYFGALNS,250
WS6_bacterium_OLB21,helio,helio_5,0.761375,ENSYKKLRKWNAIMAVLHFVQGIAMLAISRDFSIPLTTTYLDFNLQANTILPVTNEAMQLNLGQFISVFLFLSAFFHFLLILPGIYEWYVKNLKNKINYLRWIEYAFSSSVMIVAIAILCGMFDLPSLILIFGLNAMMNLFGLMMELHNQTTKKTNWTAFIFGTIAGILPWIVIAMYFFGAVSSVGTNIPSFVYAILVSIFLFFNCFAINMFLQYKQVGPWKDYLFGERVYILLSLIAKSALAWQIFSGTLRP,253
Actinomarina_minuta,helio,helio_5,0.761375,SEKIGKLRRFNIIMGFMHLIQGSGLFWLGTVVNSDFVVPITLTQLVGVGSPEDPSSFALVPELEIWREITNFGPAVATFLLASAVAHFLISGPFYNKYQEDLAKGINKVRWIEYSISASVMIVLIALLVGIYDVWALLGIFFMNAAMCWFGWMMEVNNQYTDKVDWTSYIMGCLVGVTPWIFIFINLIGDGVATDSNPQGVPQFVVWIFVSIFLFFNTFSINMVLQYKGVGKWKDYLYGERAYIWLSLLAKTALAWQVFFGTYQP,265
Halolamina_pelagica,helio,helio_5,0.761375,ATQYRRLRQFNAVMALLHFVQGALMIYLSTPLKWTVTVTSLEFQAGSQRLTPVLEPWTTVQLSYLVAAFLLLSALAHLLIATVLYDSYVAYLERGMNPYRWYEYSISASVMIVVIAMLAGVWDLGTLLALFSLVAVMNLMGLMMELHNQTTGTTDWTAYVIGSFAGLVPWVVIAITIVATVLGSDGGGPPDFVLAIYASLFVFFNLFAINMVLQYRESWKWQDYLFGEKTYIVLSLVAKSLLAWQVFFGALNA,253
archaeon_SCGC-AAA259I09,helio,helio_5,0.761375,DSKFKRLRIFNGFMGVLHLIQAALMFWLSNDFSLAVTNTFPSGPPGSGEVMTETLFNLRIGPLVALFLLISAIAHFLLATVLYEWYVKNLKNKINHLRWVEYSFSSSIMIVIIAMLVGFLDISALILIFIVNASMIFFGWLMELYNQRTEDTKWSPFIFGCIAGAAPWIAIAIRLITAVWRSPVEVPSFVIWIFVSIAVFFNIFALNQLLQYKKAGPWRDYLFGERMYIVLSLVAKSALAWQVFSGTLVG,250
archaeon_SG8-52-2,helio,helio_5,0.761375,DHTIRRFRIFNAIMGGIHLLQVFLVLYLSNNFSLPVTISKPVYNEFTNSISPVSETLFSIRVGPLVALFLFISAIAHILIATVLYYRYVENLKSGMNPYRWFEYSISASVMIVIIAMLTTIYDLGTLLALFTLTAVMNLMGLMMELHNQTTQNTDWTSYIIGCIAGLVPWIVIFIPLIAAESVPDFVIYIFVSIAIFFNCFAINMYLQYKKIGKWKDYLHGERVYIILSLVAKSALAWQVFAGTLR,246
Chloroflexi_RBG_13_48_10,helio,helio_5,0.761375,EKKYLGLRRFNLSMGFLHLIQGILMIVLSNDTAYPIYTNFLKFDTTTMALVPDPKIAAELLFGPAVAIFLLLSAVAHFFLATVGYKLYVSNLKKGMNPVRFYEYALSSSVMIVLIGMLVGIYDLGAIILIFGINAVMNLFGIMMELHNQNTQKTNWTAFIYGCIAGIVPWIVIVTYFLGSLAGEGGEPPAFVYAIIPTLFIFFNIFAVNMVLQYKKVGPWKDYLFGERVYIVLSLTAKTVLAWIIFAGTLAP,252
Pyrococcus_furiosus,helio,helio_5,0.761375,GDKFKSLKRLNMIAGVFHLIQGVLILLLSSDFTVTITRNYLKFDEATRSLVTVTENLFEVKLVYLIALFPFLTALSHLAVSTVLFESYKKNLSKGINPYRWAEYSVTSSIMVVIIALLVGISDIGTLMLMFSINAAMIFFGYLMELLNQYTEKVNWSPFIFGSFAGIMPWIVIFMIILRSNPPSFVIWIFVSIAVFFNLFPLNMVLQYKKWGKWADYLYGEKVYIILSFVSKTILVWQVYAGTLQP,246
Fervidobacterium_pennivorans,helio,helio_5,0.761375,NGELTKLREMNLFAAIFHLVQGIVVLVLANDFSITITRGFLKFDETTRSLIPAVENLFDVKLAYLIASFPFITFIFHLLVATVFNKKYNEDLSKGINPFRWAEYSISSSIMMIIIAMLVGISDFGTLLLIFSINATMILFGYLMELINQFTEKTVWSPFYFGVFAGLIPWIVVFLVILRSNPPDFVIWIFVSIAIFFNLFPINMTLQYKKIGKWKDYLYGEKVYIILSLVSKTILVWQVFAGTLQP,246
contig__2376895,helio,helio_5,0.761375,EIKIKKLKRFNIIMGTVHLIQGGLLFWLGTVVNSDFVVPITLTQLVGVGSPEDPSSFALVPELEVWREVANFGPAVATFLLASAVAHYLISGPFYNKYKEDLLKGINKVRWIEYSISASVMIVLIALLVGIYDVWALAGIFFMNAAMCWFGWMMEVHNQYTEKVDWTSYIMGCLVGVTPWIFIFINLIGDGVATDSNPQGVPQFVVWIFVSIFLFFNTFSINMILQYKQVGKWKDYLYGERAYIWLSLLAKTCLAWQVFFGTYQP,265
contig__381806,helio,helio_5,0.761375,SEKIRKLRRFNIIMGFMHLVQGSALFWLGTVVNSDFVVPITLTQLVGEGSPNDPSSFALVPKLEIWREVTNFGPAVATFLLASAVAHFLISGPFYNKYQEDLGKGINKVRWIEYSISASVMIVLIALLVGIYDIWALLGIFFMNAAMCWFGWMMEVNNQYTEKVDWTSYIMGCLVGVAPWIFIFINLIGDGVATDSNPQGVPQFVVWIFVSIFIFFNTFSINMVLQYKGVGKWKDYLYGERAYIWLSLLAKTALAWQVFFGTYQP,265
KR2,type_1,1_1,0.706,SEIAYQFTSHILTLGYAVMLAGLLYFILTIKNVDKKFQMSNILSAVVMVSAFLLLYAQAQNWTSSFTFNEEVGRYFLDPSGDLFNNGYRYLNWLIDVPMLLFQILFVVSLTTSKFSSVRNQFWFSGAMMIITGYIGQFYEVSNLTAFLVWGAISSAFFFHILWVMKKVINEGKEGISPAGQKILSNIWILFLISWTLYPGAYLMPYLTGVDGFLYSEDGVMARQLVYTIADVSSKVIYGVLLGNLA,246
GPR,type_1,1_1,0.706,DLDASDYTGVSFWLVTAALLASTVFFFVERDRVSAKWKTSLTVSGLVTGIAFWHYMYMRGVWIETGDSPTVFRYIDWLLTVPLLICEFYLILAAATNVAGSLFKKLLVGSLVMLVFGYMGEAGIMAAWPAFIIGCLAWVYMIYELWAGEGKSACNTASPAVQSAYNTMMYIIIFGWAIYPVGYFTGYLMGDGGSALNLNLIYNLADFVNKILFGLIIWNVA,221
BPR,type_1,1_1,0.706,DLDISDTVGVSFWLVTAGMLAATVFFFVERDQVSAKWKTSLTVSGLITGIAFWHYLYMRGVWIDTGDTPTVFRYIDWLLTVPLQVVEFYLILAACTSVAASLFKKLLAGSLVMLGAGFAGEAGLAPVLPAFIIGMAGWLYMIYELYMGEGKAAVSTASPAVNSAYNAMMMIIVVGWAIYPAGYAAGYLMGGEGVYASNLNLIYNLADFVNKILFGLIIWNVA,222
HKR1_N,type_1,1_1,0.706,LICTSNLGDPELTAQFHAQADPNAYTWPMVAFGTAFGLNFITLLFERESAKFQLALLACYINFLAGFSDYMSWKGYAPIVRDSWGQGFQLLRTVMWLLTTPAMVYLLSIISDFSRLKVYSVMLADVLMITFGILAFLAYNKVMSILFYMVAWCLFAYVVHSMWSMFHASIAEARHDSSRVSLEVLRLFAVGLWFTFPVIWIVVKMGLVDIRTEEWTWCACDFLGKVMFSSSLLHGN,236
GR,type_1,1_1,0.706,TYGQFNLVYNAFSFAIAAMFASALFFFSAQALVGQRYRLALLVSAIVVSIAGYHYFRIFNSWDAAYVLENGVYSLTSEKFNDAYRYVDWLLTVPLLLVETVAVLTLPAKEARPLLIKLTVASVLMIATGYPGEISDDITTRIIWGTVSTIPFAYILYVLWVELSRSLVRQPAAVQTLVRNMRWLLLLSWGVYPIAYLLPMLGVSGTSAAVGVQVGYTIADVLAKPVFGLLVFAIA,235
XR,type_1,1_1,0.706,TPGQYSLVFNMFSFTVATMTASFVFFVLARNNVAPKYRISMMVSALVVFIAGYHYFRITSSWEAAYALQNGMYQPTGELFNDAYRYVDWLLTVPLLTVELVLVMGLPKNERGPLAAKLGFLAALMIVLGYPGEVSENAALFGTRGLWGFLSTIPFVWILYILFTQLGDTIQRQSSRVSTLLGNARLLLLATWGFYPIAYMIPMAFPEAFPSNTPGTIVALQVGYTIADVLAKAGYGVLIYNIA,243
KrActR,type_1,1_1,0.706,GPGAHDLIHFSLVVAGFALLAHFLRTWHSTGEVSARYRPAVLASLAVTGVAFLSYVYLVLEFDQGYDLREGVYQPNAEALNTLVPRYMDWAVTVPLLMVEFLAVSAVVGAAARRTRFTLVGLAFLMILTGFIGAAVQEDGTSRTALIAWGVVSSAFYAALHVVLIRVLRRSRGAMGAQAYTSYRNATILLLSVWGWYPIAYALQVWFGGQWWTVTIQVGFSAADIAAKVGFGALIHKVA,239
KR1,type_1,1_1,0.706,KLDPSDYVGFTFFVGAMAMMAASAFFFLSLNQFNKKWRTSVLVSGLITFIAAVHYWYMRDYWFAIQESPTFFRYVDWVLTVPLMCVEFYLILKVAGAKPALMWKLILFSVIMLVTGYFGEAVFQDQAALWGAISGAAYFYIVYEIWLGSAKKLAVAAGGDILKAHKILCWFVLVGWAIYPLGYMLGTDGWYTSILGKGSVDVAYNIADAINKIGFGLVIYALA,223
IaNaR,type_1,1_1,0.706,NEMAYQMVAHVLTLGYAVMLAGLFYFVLTIKTVAPRFRTSSVLSVVVMVSAFLLLYVQASNWTESFVFDTERGKYFLGEGNDLFNNGYRYLNWLIDVPMLLFQILFVVTLTKSNFSSIRNQFWISGTGMIVTGYIGQFYEVTDLTMFAIWGAISTVFFFHILWLMKKVIDEGKDGIPAKAQETLQSIWVLFLVSWMLYPGAYLMPHLAGIEGLFFSEIGVVARQITYTIADVSSKVIYGILLTNVA,246
NmClR,type_1,1_1,0.706,SAGQFEFIDHLLTMGVGVHFAALIFFLVVSQFVAPKYRIATALSCIVMVSAGLILNSQAVMWTDAYAYVDGSYQLQDLTFSNGYRYVNWMATIPCLLLQLLIVLNLKGKELFSTATWLILAAWGMIITGYVGQLYEVDDIAQLMIWGAVSTAFFVVMNWIVGTKIFKNRATMLGGTDSTITKVFWLMMFAWTLYPIAYLVPAFMNNADGVVLRQLLFTIADISSKVIYGLMITYIA,236
FR,type_1,1_1,0.706,TVGQYTMGSLILMVSYGAHFAFVLYFLMTSLQLAPRYRIVPIMSAIVMVSAGLSLLREFNAWEQSYEFVEGMYQPLAENSTFTNAYRYGNWTITVPILLTQLPLAFGLLRPELHVRAARMCIPALLMIWTGLVGQFGETGNYLRLNVWGVISTIFFVWLIIEVRGVISRAIAMGPAELAAWPKNIWWFFLAFWGLYPIAYALPQLGHTGDIVVIRQLLYSIADVFSKLVYGIILSRYV,238
BaClR,type_1,1_1,0.706,SIMQHDIVAHVLTLGFVAHAAGLVYFAFAQKDIHPRLRTATIMSCFIMAAASLNLFRQFSSWNDAFTWQGSAYVMEQTFSNGYRYFNWFITLPLLLTQPMFVFGIKGKVFLRNTLIFVVASAVMVLTGYIGQMFEVTDSALYWLWFIVGSIAYVPLLIVLYRVYFVDREKVPVHVEKLVKGLFYFQVVAWTIYLFAYLMPAISFTPTGVVTRHILYTVADISSKFIYGVWLSYIA,235
LR,type_1,1_3,0.6724,ETVGDSGSKTLWVVFVLMLIASAAFTALSWKIPVNRRLYHVITTIITLTAALSYFAMATGHGVALNKIVIRTQHDHVPDTYETVYRQVYYARYIDWAITTPLLLLDLGLLAGMSGAHIFMAIVADLIMVLTGLFAAFGSEGTPQKWGWYTIACIAYIFVVWHLVLNGGANARVKGEKLRSFFVAIGAYTLILWTAYPIVWGLADGARKIGVDGEIIAYAVLDVLAKGVFGAWLLVTH,237
PaDTG,type_1,1_3,0.6724,QGESIMDQTAFLIGFSVMALASLVIYASGKKIFPLRHHTLMHASVPFIAATAYLAMAFGFGNLATESGSIVYLARYADWSVTTPVLLAGLVMVAFHEQSKPGEMGGFLTAIIILDVMMIITGLVSALATTFAAKWVWYLWSCAAFLGVVYLLWGPLRTIAAGRGRAMAVAYNKNVALLTVVWFIYPIVFLVGPEGLKIITDPASVWAFLVLDIIAKVFYAFYAASSL,227
NpHR,type_1,1_3,0.6724,VLNDPLLASSLYINIALAGLSILLFVFMTRGLDDPRAKLIAVSTILVPVVSIASYTGLASGLTISVLEMPAGHFAEGSSVMLGGEEVDGVVTMWGRYLTWALSTPMILLALGLLAGSNATKLFTAITFDIAMCVTGLAAALTTSSHLMRWFWYAISCACFLVVLYILLVEWAQDAKAAGTADMFNTLKLLTVVMWLGYPIVWALGVEGIAVLPVGVTSWGYSFLDIVAKYIFAFLLLNYL,240
BR,type_1,1_3,0.6724,GRPEWIWLALGTALMGLGTLYFLVKGMGVSDPDAKKFYAITTLVPAIAFTMYLSMLLGYGLTMVPFGGEQNPIYWARYADWLFTTPLLLLDLALLVDADQGTILALVGADGIMIGTGLVGALTKVYSYRFVWWAISTAAMLYILYVLFFGFTSKAESMRPEVASTFKVLRNVTVVLWSAYPVVWLIGSEGAGIVPLNIETLLFMVLDVSAKVGFGLILLRSR,222
HsSRI,type_1,1_3,0.6724,MDAVATAYLGGAVALIVGVAFVWLLYRSLDGSPHQSALAPLAIIPVFAGLSYVGMAYDIGTVIVNGNQIVGLRYIDWLVTTPILVGYVGYAAGASRRSIIGVMVADALMIAVGAGAVVTDGTLKWALFGVSSIFHLSLFAYLYVIFPRVVPDVPEQIGLFNLLKNHIGLLWLAYPLVWLFGPAGIGEATAAGVALTYVFLDVLAKVPYVYFFYARR,216
HsSRII,type_1,1_3,0.6724,MALTTWFWVGAVGMLAGTVLPIRDCIRHPSHRRYDLVLAGITGLAAIAYTTMGLGITATTVGDRTVYLARYIDWLVTTPLIVLYLAMLARPGHRTSAWLLAADVFVIAAGIAAALTTGVQRWLFFAVGAAGYAALLYGLLGTLPRALGDDPRVRSLFVTLRNITVVLWTLYPVVWLLSPAGIGILQTEMYTIVVVYLDFISKVAFVAFAVLGA,213
HsHR,type_1,1_3,0.6724,VRENALLSSSLWVNVALAGIAILVFVYMGRTIRPGRPRLIWGATLMIPLVSISSYLGLLSGLTVGMIEMPAGHALAGEMVRSQWGRYLTWALSTPMILLALGLLADVDLGSLFTVIAADIGMCVTGLAAAMTTSALLFRWAFYAISCAFFVVVLSALVTDWAASASSAGTAEIFDTLRVLTVVLWLGYPIVWAVGVEGLALVQSVGVTSWAYSVLDVFAKYVFAFILLRWV,231
ASR,type_1,1_3,0.6724,MNLESLLHWIYVAGMTIGALHFWSLSRNPRGVPQYEYLVAMFIPIWSGLAYMAMAIDQGKVEAAGQIAHYARYIDWMVTTPLLLLSLSWTAMQFIKKDWTLIGFLMSTQIVVITSGLIADLSERDWVRYLWYICGVCAFLIILWGIWNPLRAKTRTQSSELANLYDKLVTYFTVLWIGYPIVWIIGPSGFGWINQTIDTFLFCLLPFFSKVGFSFLDLHGL,221
NpSRII,type_1,1_3,0.6724,MVGLTTLFWLGAIGMLVGTLAFAWAGRDAGSGERRYYVTLVGISGIAAVAYAVMALGVGWVPVAERTVFVPRYIDWILTTPLIVYFLGLLAGLDSREFGIVITLNTVVMLAGFAGAMVPGIERYALFGMGAVAFIGLVYYLVGPMTESASQRSSGIKSLYVRLRNLTVVLWAIYPFIWLLGPPGVALLTPTVDVALIVYLDLVTKVGFGFIALDA,215
SrSRI,type_1,1_3,0.6724,MDPITIVYIIGTLGMLVGIPPALSLVGDEVGLDFDYVWAIPGIAAFMYLLMTFDVGSVQFQGYHVPIPRYIDWALTTPLLVGYTAYIAGASRGMIAGTALADFMMIVFGLGAVVFSSTAQWVFFGLSSACHLTLLALLYGPVRNSAFGEPPSHRRLARLLLNYVGLLWLAYPLVWLFGPGLQWVDAAGIAVIISYLDVTAKVPFVYFIYRAR,212
MR,type_1,1_3,0.6724,SEATWLWIGTIGMVLGTVYFAVRGRGSTDPEQQTYYIITTLIPAIAAAAYLAMATGLGVISMPIRGTEVIDIYWARYADWLLTTPLLIIDLALVAGARKQTLYKLIIIDAIMILGGLAGSMMQQGAVIRIVWWAVSTAAFIILLYYLLGELSERARSRSAETGIVFNRLRNITLGLWALYPIVWILGTGGGFGIIAVTTEIMLYVMLDIGTKIGFGAVLLESQ,223
NR,type_1,1_3,0.6724,QTLGETGHRTLWVTFALMVLSSGIFALLSWNVPTSKRLFHVITTLITVVASLSYFAMATGHATTFNCDTAWDHHKHVPDTSHQVCRQVFWGRYVDWALTTPLLLLELCLLAGVDGAHTLMAIVADVIMVLCGLFAALGEGGNTAQKWGWYTIGCFSYLFVIWHVALHGSRTVTAKGRGVSRLFTGLAVFALLLWTAYPIIWGIAGGARRTNVDTEILIYTVLDLLAKPVFGFWLLLSH,238
PsuDTG,type_1,1_3,0.6724,MIQTPLLIGFIVMALASLAIYIKGAHYGPLLGHTLIHAAVPFIAATAYLCMYLGVGNLIKVDGSVTYLARYVDWAFTTPLLLAGVVSSAYYGTRDLYGKSGYITAIVTLDVIMIVTGLIASLAPYGVIKWVFFAWSCAAFAGVLYLLWKPVASIASQQPGVSPAYRRNVGFLTVLWLIYPVVFAVGPEGFWAVSDATTVWVFLVLDVLAKVVYAFTS,217
AR3,type_1,1_3,0.6724,LGDGRPETLWLGIGTLLMLIGTFYFLVRGWGVTDKDAREYYAVTILVPGIASAAYLSMFFGIGLTEVTVGGEMLDIYYARYADWLFTTPLLLLDLALLAKVDRVTIGTLVGVDALMIVTGLIGALSHTAIARYSWWLFSTICMIVVLYFLATSLRSAAKERGPEVASTFNTLTALVLVLWTAYPILWIIGTEGAGVVGLGIETLLFMVLDVTAKVGFGFILLRSR,225
PoXeR,type_1,1_3,0.6724,MTEAFWLWLYVAVMAAGACLFLYWSRKPRGVPGYEYTIAAVIPIWSGLAYLAMALGQGTVMIDGREVYYARYLDWLVTTPLLLWLLGSTATFYRANDTRLIGSLMFADVVMILSGLFADLTAEQSVRWLWYTIGCVSFLLILWQVWGPLRRIAGEQGEALSKTYTRVAAYLTVFWVSYPLVWLISPSGIGIVGPTVSIALFVILPAFSKVGFSILDLYEL,220
ChR1_Cterm,type_1,1_2,0.6952,GTNAEKLAANILQWITFALSALCLMFYGYQTWKSTCGWEEIYVATIEMIKFIIEYFHEFDEPAVIYSSNGNKTVWLRYAEWLLTCPVILIHLSNLTGLANDYNKRTMGLLVSDIGTIVWGTTAALSKGYVRVIFFLMGLCYGIYTFFNAAKVYIEAYHTVPKGICRDLVRYLAWLYFCSWAMFPVLFLLGPEGFGHINQFNSAIAHAILDLASKNAWSMMGHFLR,225
BeRhGC,type_1,1_2,0.6952,QSAMSELWSWNMMLSTPSLKFLTVQFTTWIVLTTVGAIYTLFFHERQAYNRGWADIWYGYGAFGFGLGLSFAYMGFTGARNPEKKALSLCLLGVNFISFMSYIIIMLRLTPTIEGTMANPVEPARYLEWIATCPVLILLISEITQYPHDPYKVIVNDYALCLAGFVGAISAQQPWGDLAHFVSCLCFSYVVYSLWSCFTGAIDGETQCNVEKSGLRWIRFSTITTWSLFPITWFSYTSGLISFTVAEAGFSMIDIGAKVFLTLVLVNST,269
ChR2_Cterm,type_1,1_2,0.6952,GTNGAQTASNVLQWLAAGFSILLLMFYAYQTWKSTCGWEEIYVCAIEMVKVILEFFFEFKNPSMLYLATGHRVQWLRYAEWLLTCPVILIHLSNLTGLSNDYSRRTMGLLVSDIGTIVWGATSAMATGYVKVIFFCLGLCYGANTFFHAAKAYIEGYHTVPKGRCRQVVTGMAWLFFVSWGMFPILFILGPEGFGVLSVYGSTVGHTIIDLMSKNCWGLLGHYLR,225
GtACR2,type_1,1_2,0.6952,FVSLLQLVWAVVSGCQTIFMISRAPKVPWESVYLPFVESITYALASTGNGTLQMRDGRFFPWSRMASWLCTCPIMLGQISNMALVKYKSIPLNPIAQAASIIRVVMGITATISPAEYMKWLFFFFGATCLVFEYSVVFTIFQVGLYGFESVGTPLAQKVVVRIKMLRLIFFIAWTMFPIVWLISPTGVCVIHENVSAILYLLADGLCKNTYGVILWSTA,219
GtACR1,type_1,1_2,0.6952,GIKYVQLVMAVVSACQVFFMVTRAPKVPWEAIYLPTTEMITYSLAFTGNGYIRVANGKYLPWARMASWLCTCPIMLGLVSNMALVKYKSIPLNPMMIAASSICTVFGITASVVLDPLHVWLYCFISSIFFIFEMVVAFAIFAITIHDFQTIGSPMSLKVVERLKLMRIVFYVSWMAYPILWSFSSTGACIMSENTSSVLYLLGDALCKNTYGILLWATT,219
Aurantimicrobium_minutum,helio,helio_6,0.7615,EQIKRLRVYNIVAGAIHLLQGLAFLFILTKLSSQVMFPVTVDYMTGPPGVDLPTERVTLFEVNLGLGVVAFLFMSAFFHFLISLPGVFTRYANGLKLNHNYFRWTEYSLSSSVMIWLIAQLNGATDFAALFAIFAVNASMIFFGALQEKYEKPGNKKFLPFIFGSMTGIVPWIIIAIYTLQPGSTSAAEVPGFVYGIVISLFIFFNTFAINQVLQYRQIGGWKSYLRGERAYITLSLVAKSVLAWQVFSGA,251
Dehalogenimonas,helio,helio_6,0.7615,EARIKSLRVWNIVVGLILAVQAVAIAVLTNDFSLPVTATFISGPPGTPPELHTLFSIATGWGVFTFLAISAGALLIMASPAVFPWYKRNLLQSRNYGRWIEYFFSSSIMIVLIAQITGISEIAALLAIFGVNASMILFGLLQEKYEKPGKPSFLPFWFGSFAGIIPWIAIVIYVIAPGLSISPPGFVYGIIISLFIFFNCFALNMYLQYKQVGPWRDYLFGERVYIILSGTAKALLAWQVFFPV,244
Phycisphaerae,helio,helio_6,0.7615,DRRLNRLRIWNIAVGLILAVQAIMIAVLTNSFSLPVTATFMSGPPGTAPELHHLFDIPTGWGVFAFLAISAGALLIIASPLVFPWYKRNLLQNRNYGRWIEYFFSSSIMIVLISQITGISDIAALLAIFGINASMILFGALQEKYEKPGKPSLLPFWFGSFAGIIPWIAIVIYVWAPGLTVSPPGFVYGIIVSLFVFFNCFAVNMILQYKQVGSWRDYLFGEKVYIVLSLTAKALLAWQVFFPV,244
Aquiluna_SCX15262.1,helio,helio_6,0.7615,VYIKGLRRYNVVAGLLHLAQALGLTYVLTLLDNQILFPVTIEYPTGPPGVPAPTDLVTLFDINIGAGAIGFLALSALFHFIISSPMFYGRYKAGLKKNHNYFRWVEYSLSSSVMIFLIALLNGINGVAALIAIFAVNASMILFGALQEKYETPGNGKGLPFIMGSMTGIVPWLILILYIWQPGATNASEIPGFVYGIVVALFLFFNTFGFNQAFQYKQIGPWKNYLFGETTYITLSLVAKSVLAWQVFAGA,251
48C12,helio,helio_6,0.7615,KEIKSLQNFNRIAGVFHLLQMLAVLALANDFALPMTGTYLNGPPGTTFSAPVVILETPVGLAVALFLGLSALFHFIVSSGNFFKRYSASLMKNQNIFRWVEYSLSSSVMIVLIAQICGIADIVALLAIFGVNASMILFGWLQEKYTQPKDGDLLPFWFGCIAGIVPWIGLLIYVIAPGSTSDVAVPGFVYGIIISLFLFFNSFALVQYLQYKGKGKWSNYLRGERAYIVLSLVAKSALAWQIFSGTLIP,249
Chloroflexi_RBG_16_57_8,helio,helio_6,0.7615,ERRLGQLRIWNTVVGAILAVQAVLIAVLTNSFSLPVTATFMSGPPGTTPELHHLFSISTGWGVFAFLAISAAALLLVASPPVFAWYKRNLLQSRNYGRWIEYFFSSSIMIVLISQITGISDIAALLAIFGINSCMILFGALQEKYEKPRKPSWLPFWFGSFGGIIPWIAIAIYVWAPRLNVSPPGFVYGIIASLFVFFNCFAINMVLQYKKVGLWRDYLYGEKAYILLSLTAKALLAWQVFFPV,244
Aquiluna_WP_007540014.1,helio,helio_6,0.7615,QQIGGLRKYNVVAGFLHLIQAVGFSYVLTMLDYQILYPVKIEYPTGPPGVASPVDVVTLFDINIGAGIVGFLALSALFHFIISSPMFFQRYKAGLKVNHNYFRWVEYSLSSSVMIFCIALLNGITDIAALVAIFAVNASMIMFGALQEKYETPGSGKGLPFIFGSMTGIIPWLILVLYIWQPGATNASEIPGFVYGIVVALFLFFNTFGFNQAFQYKKIGPWKNYLFGEKSYITLSLVAKTVLAWQIFSGA,251
Aeromicrobium_marinum,helio,helio_6,0.7615,DTRLLGLKRWNWALTVLHAVQAVAVLVLASDFAITLSTSFPEGPPGTRIPAPTDLVDVRISVAIAVFLALAALDHGLTSTVMRGRYEAGLRAGINRFRWVEYSVSATIMILLIALYAGITQMNAVIAIAGANVAMILFGWLQEQMNPPGRSVTTMLPFWFGCVAGAVPWIVITYNIVGADTVPGFVYGIFVSLFVFFMSFAVNQYLQYREIGPWRSYAFGEKAYLVLSLGAKSALAWQIFVGS,243
Actinobacteria_IMCC25003,helio,helio_6,0.7615,AGSIRRSNLIAGFFHLAQMAVVLILANDFSLPIVARYMAGPPGSVFAEPVTLLDTPVGLTVAIFLGLSAFFHFLVASPQFFTRYAAGLAAQRNYFRWVEYSISSSVMIVLIAQICGVSDVVAVISLFGVNASMILFGWLQEKYEQPGNGGWLPFIFGCIAGLVPWIAITFYVLAIGGPGDTKAPAFVYGIVISLFVLFNTFAVVQYLQYKKVGKWSDYLRGEKTYITLSLVAKSALAWQIFASTLIE,247
Actinobacteria_IMCC26077,helio,helio_6,0.7615,MGGLRRINIIAGLLHLVQMITVLALSSEFTLPINATYMSGPPGTTFSAPVVLFNTPIGLTVAIFLGLSALAHFIVASPQFFGRYSKGLEEQRNYFRWVEYSISSSVMIVLIAQVTGVADITAIISIFGVNASMILFGWLQEKYETPGNGGWLPFIFGCIAGAVPWLALLFYVFSIGGPTDSAAPAFVYGIVITIFLFFNSFALVQWLQYKKVGKWSDYLRGERTYITLSLIAKSALAWQIFANTLIP,247
Cryobacterium_arcticum,helio,helio_6,0.7615,QQIDRLRIYNVVAGSLHLVQAIAFAVILTLLSSQVLFAVTTDYLAGPPGVPIPPERVTLFEVNIGVGVVAFLALSAFFHFLISSPWFFTRYKTGLLNNHNYFRWVEYSLSSSIMIWLILAINGVTDIGALCAVFAVNAAMIMFGALQEKYEQPGSGGMLPFIFGSMVGIVPWILILIYFLRPGSASDVAAPGFVVGIVISLFVFFNTFAINQWLQYKQVGKWKSYLQGERTYITLSLVAKTALAWQVFSGA,251
Nocardioides,helio,helio_6,0.7615,DRALRSLKGWNLGLTVLHLGQAVAVVVLATDFAITITRSLPTGPPGTPTASPEALFDLPIGVAIAAFLVLAGLDHLLTATALRRTYERDLLGGINRFRWVEYSFSATIMVVLIALYSGIDGISALIGIIGANVAMILFGWLQESANPPGSPSVTMKPFWFGCVAGAAPWVAIGYNLVAAEEVPGFVVGIFVSLFVFFNSFALNQWLQYRRVGPWRSYAFGERAYLVLSLVAKSALAWQIFGGS,243
Ornithinimicrobium_CNJ-824_WP_,helio,helio_6,0.7615,PSRYARLRTFNWIAAVVHAAQAVAVVVLATDFTLPVTATYLSGPPGTPPGDQVTLWDVPTALAIAAFLALSAVFHVLVASPGLFERYRAGLAQEHNYFRWVEYSLSSSLMIVIIAQLVGISDVVALLALFGVNASMILFGWLQEKYHQPGDGGWLPFVFGCFAGAVPWIGVVLYTIAPGSTSGAEPPGFVYGIIVSLFLFFNVFALVQWLQYKPVGRFRDYLTGETAYIVLSLTAKSALAWQIFVGT,247
SAMEA2621021_2274068,helio,helio_6,0.7615,NPDMQNLKKLNFRAGCLHLVSFILILILSNDASLPVVATYLTEAPGTGNFSDPINLFNLNISYMVAGFMALSAFFHFYICIPSTFKKYELNLSRGINTYRWIEYSISSTLMIIVILQLNGTADYIALLGIAGVNVCMILFGWLQERYVKAGNGDLLPFWFGCFAGSIPWIATVFNLITLKGPPESITPGFVYGIVISIFIFFNCFALVQWKQYRAKGKWVNYLYGERIYIVLSFVAKSLLAWQVYSGS,248
SAMEA2622518_623348,helio,helio_6,0.7615,GISFAGLRELNLVAGFAHLTQMVLVLVLASDFSLPITAAYVFGPPGTPPNDPVTIFESRIAWGVALFFALSALFHFVVASRWFFPRYVGGLQSGHNYFRWVEYSLSSSIMIVLIAQITGISDVAALMAIFGVNASMILFGWLQEKYEQPGGGMLFIFGCMTGIVPWLIIVVWVLAPGSSNKPEIPGFVIGIIISLFVFFNTFALVQWLQYKQVGKWRDYLRGERSYILLSLIAKTALAWQIFSGTLVP,248
contig__1205911,helio,helio_6,0.7615,GISFAGLRKLNLVAGFAHLAQMVLVLVLASDFSLPITAAYVFGPPGTPPNDPVTIFESRIAWGVALFFALSAFFHFVVASRWFYPRYVGGLQSGHNYFRWVEYSLSSSIMIVLIAQITGISDVAALMAIFGVNASMILFGWLQEKYEQPGGGMLPFIFGCMSGIVPWLIIVVWVLAPGSSNKPEIPGFVIGIIISLFVFFNTFALVQWLQYKQVGKWRDYLRGERSYILLSLIAKTALAWQIFSGTLVP,249
contig__161490,helio,helio_6,0.7615,ITDMQNLKKLNFRAGCLHLVSFVLILILSNDASLPVVATYLTEAPGTGNFSDPINLFNLNISYMVAGFMALSAFFHFYICIPSTFKKYELNLSRGINTYRWVEYSISSTLMIIVILQLNGTSDYIALLGIAGVNVCMILFGWIQERYVKAGNGDLLPFWFGCFAGSIPWIATVFNLIAPKGPPESTTPGFVYGIVISIFIFFNCFALVQWKQYKAKGKWVNYLYGERIYIVLSFVAKSLLAWQVYSGS,248
contig__172728,helio,helio_6,0.7615,DDRIDRLRRFNLVMGVLHLVSGGFMLLVSNDFSLPVTSFATNGPPGTPLADGEMVEAFSYPLAVGTAGFLLLSAVAHLFVATLGFSFYASELRAGRNRIRWIEYAASSTLMIVLIASVVGIYDAGALLAIAGANIAMILFGWLMETVNQPGRPVYWSPFWFGCIAGIAPWKAITASVWISVAVADDGPPGFVYGILVSIFLAFNCFALNQWLQYRGKGRWADYAHGETVYIWLSLIAKSLLAWQIWGNT,249
Eh_virus_AHA55207.1,helio,helio_2,0.8691428571428571,KTRQSILFKLNMIAFALHLILAIVTGTVGNINLAPPIYNTKVTFTYNSSETGFSLDPYYVSYGGYPITALTVVFFVLTAFFHLANATFLNETYISCLELCFTPTRWIEYFLTASLMSCTIAYLSGSRSVLVIVGVCGLIASTMLFGFISELYNRPRETVDAWERSTLLKRSVPHFLGYVPYLFAWFIILYSFFGSGGTCAAPAWVWVIILAQFIQFSLFVIPQLYQLKNPPSKFIRGEYYFIFLSFFAKATLGIILLAGGITL,263
Eh_virus_AHA55390.1,helio,helio_2,0.8691428571428571,DTIVLTINWFNFIAGLFHVALAIVCALLGDVSQTFKMYMPFTTFRNGTQENEVTIKYSGYFPMTVIFVVYFSVTALFHMGNAFLWNDTYHRFLSNRKNPIRWTEYSITAPLMTAILAFIAGSRNWLFVIAASTLTFASISVGFVLDEIRKYSFFVLGMIPFLVEFSLIILSLYLTTSCYPSYLPITIFVEFGLWILFPFVSLLELSGINYKIGELVFIVLSFVSKSVLAIILNSEN,236
Chrysochromulina_CCMP291,helio,helio_2,0.8691428571428571,PIPSRRLWRWNVGMSIFHGILLIATCVIGNLELRVPVYGSSVKLRVGMGNSSAGWALAPDTDTRVGWMYMTSLVALFFGMSCGFHFGNAFIWRKYYEYALERAYAPFRWIEYSGSASVMILILSYTSGTLLSPMLVSLFALTMITMYFGHLHEVICRPKSLDEWECKNKLWRLQAHLLGYVPQCFAWGLIIAQFMDAGGKTTTDASGQTRQMPKFVYAIVFGEMAVFWSFGVVQLIVSLRPPSKYCQGEIAYMWLSLFAKGFLGIIVLGNVLIL,274
SAMEA2619399_340071,helio,helio_2,0.8691428571428571,AVPTGQLTAWNGAMFIFHTILATTTLVVGNNDLTVPLFKTRLDFRFTNETASEEMSSGDVRPWEIIPTYEESGSLPFTWLVAVFFILSAAFHLLNATALRSFYLRSLEECYSPTRWIEYTLSAPVMIVLISYTLGIRNQEVLLAQFVLVMITMPFGYWVEVVSRPKNQDEWIGGLLYRLYPWFIGHIPQIAAWFLIIATFYNGQDQVDRAPWFVHLILWVEFILFFSFGAASVLSQWYAPRFFYRGEILFQVLSLVSKGLLGLILLTNVLML,272
SAMEA2619548_526558,helio,helio_2,0.8691428571428571,CSKPGLLWWLNVAACLFHLLFAIATLVLASCDGFDDGCGDGNISTPILLVYSTNLSWVANSTNALRPEYVVSGDISLPWLTASFFFLSALMHGIVAGFNYRQAWASDSQERRVITTWQGWYYRWMHECRNPARWLEYSISASVMLIVIAISSGVAHVYMLVLIFCSSFATMTYGHFAEELHGRPQLRYQDSKPQTWAQPNVFLRVYPNLLGWVPFGAVWGVLLHSFNSNTGDGGPPTFVYVIVYGQFVAFLTFCVTQLALLVPDNGPAWYYWGEVSYLILSFLSKGFLGVTLFASV,296
SAMEA2621075_1406407,helio,helio_2,0.8691428571428571,TTRARLIWLFNLFCFAAHIIWVVVCVLAARGKGGKMNIDIFRPRNVWNSTDDSGDSYDIDFVDNNMPIRIDVVTIGFFALSALAHLGAVIAGLRQFRYFYWDQMDRAFFWWRWLEYSLSAPVMILGIALVCGTRDQATLASVVVLMWTTIAMGFLTEIVSTPSDDLESWIGDAPRNGQTKREARQLNYFRRMLPHVVGIFPYMAAWSMILYNFMQNLDDTRETNKEAYEKMPRWVYAVIFGSFAIFTLFVYPQIYYQWQKPKYYYQTEFHYCFLSLLAKSYLGMLLYVNV,290
SAMEA2623673_3000060,helio,helio_2,0.8691428571428571,DIPERLLVRWNLAMAAMHGSLIIITLSLANWNLDAPIYRTSLQIEYRNGTDGNWTLADDAPRDGGADRAWRVIPYHEEKGSINLTFLTAAFFFLSFFFHIGNATFWRRLYISELQHCRTPTRWVEYCLSAPVMFVLIAYGVGVRGRDVLLATATLISITMAFGHYTELRARPASRDRWELPLQKRLIPWVIGHFPQAIAWVLVLLQFYSNSWDIDRVPDFVHVIVFSELALFWSFGVAALISQLFPPRSFYKGELMFQVLSLLSKGLLGILLLTNIIML,279
Phycodnavirus,type_1,1_4,0.6475,IIMTAYISIFVQIITAIISVYGLFIPLNFKDIILREILILELIVQIIEFIFYIWLIITLQSINEDITYVRYFDWVLTTPVMLLTTVYFFEYMNSDDGIRKKEINDRDYVYLFYICLSNFFMLLIGYLGETKQINKMLTLFGGSFFLFLTFYLLYVKYTKENWMNYIVFYFMFLVWFLYGFAFMFPFSIKNQMYNILDIVSKNIYSIFIFIVI,212
Phaeocystis,type_1,1_4,0.6475,SFIVKNTMIFSFLIQIITLIIGIFAQFIKVPRHKYILKDALLLENIVQFIEAIFYLWFIYFYKENVDKIDIAKYRYYDWFLTTPTMILSVIIYFHYNNSSKKIYYNMITFFKQDFRKILELWFYNFNMLIIGYLQEINIISILLSTLIGFYFFGLLFYKMFKYYVVQNKKNYLLFFLMFFIWGLYGIAALFNYKFKNAFYNILDIFSKNFFGLFLAYLV,219
archaeon_SG8-32-1,helio,helio_4,0.78,PISFSYLKRFNAAAGILHLIQGLLMLGLGTQLEWERSIYTFYTKFTIIQGPPFQLEVTPDPQILFTIGYLGIIVASFPLLSSAAHFIIAFIKNDKYNENLKKGMNPYRWYEYAFSSSIMITLIALFLGVWDFWSLAMIFVLNAMMIMFGYLMELINQKTEKTSWSAFILGTISGFTPWVVLYAYFIGSLLSINADVPTFVYMILFIYFIVFNIFALNMVLQYKGVGRWKDYLYGERIYIILSFIAKTILSWLVFVGIFAP,260
Thorarchaeota_SMTZ1_45,helio,helio_4,0.78,PISFSYLKKFNLYAGVLHLLTGVLMLFLGLTLEWSQDVYTIYLDFEIISFDPFEFLVQPTPAVLFTLTNIGVILASFPLMSALAHFLIAFPLNDKYVENLKKGMNPYRWYEYSVSSSVMIFLITFLLGIWDLWSLVMIVVLNAMMIMFGYLMEVINQYTEKTKWSPFILGCVSGGTPWVVLFGYFAAAISVAETQPPTFVYIIIFMYLFLFNIFALNMLLQYKKVSKWKDYLYGERMYIVLSLVAKTLLAWIVFAGIFAP,260
Aquiluna_SCX07967.1,helio,helio_4,0.78,SKLQILNRLAGVFHLVQAVALFFILNDETRIPVISRFFTDTPEGIRPVSETLFEFPIALIGPIFLLLSAIAHLLISSPFYIRRYEQNIAKGINPPRWWEYSISSSLMLVVLLMLGGLIEISAVVFVFTLNFLMNMFGLVMERHNQLTEKTSWLPFNLGVVAGIVPWIMGGIYFWVSTNNISDSIPTYAQFGFLLTFLFFNTFAINMWLQYKKVGKWKLYEFGEKGYIILSLVSKSVLAWVIVIGTLNI,248
Heimdallarchaeota_AB_125,helio,helio_4,0.78,PISFKYLRKFNLAMGILHLVQGVAMLVLGFFWDFSRPLYSITLDYSGGPPVAALQPEFSFTAVGPTVAAFLLFSALAHLLIAGPLNKFYVKNLKKKMNPIRWFEYAFSSSIMVFFIAILFGVWDLWVLIGLFFLNMLMNLFGHMMELHNQTTKKTNWTAYIYGWIAGIIPWVIISVFFARIAINSTGMPWFVPVIYAFELILFMSFAFNMLLQYKKVGKWKDYLYGERMYQILSLVAKTLLAWLVFAGVFQP,252
Aquiluna_WP_007541057.1,helio,helio_4,0.78,KQLQTFNRFAGLFHLIQAIALFFILNSDTKIPVITRFFTDTPEGIRPVSETLFEFPIALIAPIFLLLSAIAHLLISAPFYIQRYEQNIAKGINPPRWWEYSISSSLMLVVLLMLGGLIEISAIVLIFTLNFIMNLMGLVMEKYNQLTEKVSWLPFNIGVVAGIVPWIMGGLYFWVSTNNIADAIPVYAQFGFLLTFIFFNTFAINMFLQYKKVGKWKDYPYGEKAYIVLSLVSKSVLGWVIVLGTMGV,248
Methanobacterium_formicicum,helio,helio_4,0.78,PITFGGLKKLNIGAGALHLIQGLIMIALGLWLTWTQDIYTFYIKFKILSLAPPSFQIAPDPTVAFTVSYLGVILASFLLISAIAHFTIAFLKNKNYNENLKKGMNPYRWFEYFFSSSIMLVIIATFVGVWDLWSLVMIFVLNAVTMLCGYLMEKINYYTKETDWSAYLVGCLSGFVPWIVLAAYFIAALGSTETNPPTFVYAILAIYFIMFNTFSINMVLQYKGVGKWKDYLYGERVYIILSLIAKTALAWLTFVGIFAP,260
SAMEA2620217_989933,helio,helio_4,0.78,EGLKLFNRNMGVLHLIQSILIAILGFTIDDFREFTQSLYVFTLRPVDESGNPITDASNQNGPPADIIPVPEELFEFTGIAPVLLTLFLFASAVAHLLIAFPLFDKYKVHIKNGMNPYRWYEYAISSSIMILFILISFGILDFWVIVATFILNALMNIFGYYMEEVNFLKGADSKTDWKPYLWGWVAGIVPWIVIIDNTQRFEIPEGGEDFFFVFYIAVGIYFFFFNTFAINMGLQYGKIGKWKDYLYGEKVYQILSLISKSILCWLIFIAILAG,274
Phaeodactylum_tricornutum,helio,helio_3,0.8395,NVVPASLKIWNGVAVIVQFAQAAALFALSANADNAYYWYTNYPATFEDRDENPEEFGRPGPTEVADFSITWYSAVFILLSGLDHLACIIFWSTYKYQIERHQNHFRWAEYSISASLMRIMIAQLAGVTDIHLIWMLFASTAITMILGGIHESVNAKARADGLKQNWYPFLAAWIPHLACWLVIFNYFFKAVIEGDPPNFVWAIIFVLFFLDGCFAILFTLQWFKIGIFKDYVAGEKGFIVLSFTAKVLLAWINYGGG,257
Chlorella_variabilis,helio,helio_3,0.8395,ARLRWWNAAVGTLQLVAGAAILAISPYDPKSELPWYTFFVASWSRDNGAESDFYSPAPKQVASFPIAVWSGVFLLLSAVDHLLVILPRVNAYYNRCLCQNRNPFRWAEYSVSASLMSVMIAQLCGVTDIHLLFTLAALMATTMLFGHQMEVSNGARLPTFAYSDDSKAPPALAKDGSGAGLPAAFLTTNPVADGAADGGDGAAPGAQRVDWGPFWMGCWPFLAVELVTGCYFFQAVSNGDPPTFVWSLFFILSFLYIMFAVNQALQFKQVRGWRGFAQAEWWYMILSLTSKQLLAWITYGGT,302
Micromonas_commoda,helio,helio_1,1.1503333333333332,APPCCSLWTLNAIAAAVHGAWFVVFILLWRFDTREDGERRDITYPLWVSHATWGELPQPPIPPLLATAIDRLAADDLALSRFDSNAGYPTCEPPRSAKVGSMPVSPAAEDTGLVLSLHWLVVSFFALSFAFQFAAAVFDLAARARRRRHRRIVIGDTSADVARADDTNDSETRESVSAWLRFVEYGFSAAVMIVAIALQVGLMDAWMLFALATLTWATMMLGLAGERILVVERRIRRVVIGLERRDGALDPEACPGLEMSVERSLPMARWATHLTGWVTQGVVFVVIIAHFFQSQGTCEFDGTGEDNVAPDFVYAIVFGELGLFALFGLTQMCQFLSHDYGWCVDDDGTSTACCSVEAAYIVQSLVSKTLLGWLVYGGNFAP,382
SAMEA2621401_811499,helio,helio_1,1.1503333333333332,SPLCSLWSLNAVAAAMHGVWFIVFVLLWALVTNDDGTKRDIEYPLWYSAATFGALPDPPVTDTTTGGLTLGQTEENSKPVSPYPSCEPPKASSVGNFPVSPAFRDTGITFSLHWLVVSFFALSFLFQATAAVVDAVALKKRKKQRIQLMGDDDEVRFEKDAVAQVAATSIPSINSSYQNSTSPVSSWFRFIEYSLSASVMVVAIALQVGLFDAWLLFACAALTWVTMMLGLVAERVFTVEEHLCAMKKRTDGIHSPNDAMKHATDSLSKSLCLIRWTSHFSAWVTQGVVFVIIIAHFFNSQQACEWADSVDDGNRQSDNTAPKFVYAIVFAELALFLGFGVTQLSQFVVFDKQKSGAYDMTTRVKHKRFTEAAYIVQSFVSKTVLGWLVYGGNFAA,396
SAMEA2621812_1097862,helio,helio_1,1.1503333333333332,KQPELPYLIIHYCAIAGHLIAGTWMAIEYANRENLQIPYTETYLKWTRTKNLTSCPAGSRPLETSVNGNFCIEPTTAPVDCNDESPPVCAGLDLGWLIISFHALSFIFQGAAALTDLCEEGVCGYRYSSIIKTGKNPLRFLEYGISAAIMLMCIALLNGVTDINLIAAIAVLTSACEFCGLVVEYLPTRSPLKWVLHLTGWLQFLCAYGIIAHAFFKSVNAVPNVNPPDFVYVIVILLFLLYASFGAVQLSELFCEMKCSESACGDCPLWCRNKKEKRINYEYKEMIYVTLSLGSKLVLGGLIFANV,307
RhPDE_Cterm,type_X,X,0.826,GRGKRRAKTRNIAIASTKEVQWQGIFMIIVWLCVMGSLIFFANPEASRRVFAKFSHLQSFYGATSVAFAFATGLDILAYVNAVSDEKRVLSGILAYVDGVACISYLSMATLNLYFLVDSTQGNPVWLMRYAEWIITCPTLLYWCGLASRADRSSVSDIATADALLLAGGALSSILPSWPAFFVFAGSFATYIYVMLHMWGMFGKAMQPDFQPPPPLPRHALHLLRCEIVMSWSIFPLVEFLRRQGYIDFQVGEAMNCVADYAAKVGLAMIMVNCN,275
